date,hour,tweet
22-04-20,2:32:00,"b""@deniszterim16 Siz de suriyeli'yi hak ettiniz o zaman bqewkendldnx"""
22-04-20,1:43:00,b'@e8nesto @allahsizcavus3 @burukovic Aptal evlad\xc4\xb1 hak ve \xc3\xb6zg\xc3\xbcrl\xc3\xbckler olarak e\xc5\x9fitsin. \xc4\xb0\xc5\x9f bulma konusunda kim daha uyg\xe2\x80\xa6 https://t.co/mRAV4rzbbY'
24-04-20,6:04:00,b'@Nalan_Kocak @barisyarkadas Aklima otobusun birinden atilan \xc3\xa7ay virali geldi. Herkes hak ettigi sekil de yasar. Sur\xe2\x80\xa6 https://t.co/N6EQ3nSj5s'
24-04-20,8:07:00,b'@Medyascopetv Demokrasi olmadan sen halk\xc4\xb1n\xc4\xb1 kalk\xc4\xb1ndirmadan hak  h\xc3\xbcrriyet sa\xc4\x9flanmadan Nasil yap\xc4\xb1land\xc4\xb1rma yapacaksin\xe2\x80\xa6 https://t.co/cFt1RuUuMK'
26-04-20,2:47:00,"b'Vakfimiz TOHAV, suregelen pandemiye insan haklari cercevesinden bakan bir seminer dizisi duzenlemektedir. Insan hak\xe2\x80\xa6 https://t.co/9S20V7aW4V'"
26-04-20,2:47:00,"b'Vakfimiz TOHAV, suregelen pandemiye insan haklari cercevesinden bakan bir seminer dizisi duzenlemektedir. Insan hak\xe2\x80\xa6 https://t.co/9S20V7aW4V'"
26-04-20,12:17:00,b'@35_1923 @BARCAN67 Baci  suriyeli hakkini yiyemem demek de ne  musluman san kul hakki yecen domuz eti yemeyecen\xf0\x9f\x98\x82'
26-04-20,5:34:00,b'@pelinsu1964 @EAksunger Tc vatanda\xc5\x9flar\xc4\xb1na var sizin gibi nank\xc3\xb6rlere verilmesin hak etmiyorsunuz suriyeli ye uzayl\xc4\xb1y\xe2\x80\xa6 https://t.co/QGwXUZXoxy'
27-04-20,10:05:00,b'RT @Levent66480097: #4447Vakas\xc4\xb1 ile \xc4\xb0stenen primin iki kat\xc4\xb1 prim \xc3\xb6dememize ra\xc4\x9fmen hak etti\xc4\x9fimiz \xc3\xbclke kaynaklar\xc4\xb1 Suriyeli ve yanda\xc5\x9flar aras\xc4\xb1\xe2\x80\xa6'
27-04-20,10:51:00,b'RT @Levent66480097: #4447Vakas\xc4\xb1 ile \xc4\xb0stenen primin iki kat\xc4\xb1 prim \xc3\xb6dememize ra\xc4\x9fmen hak etti\xc4\x9fimiz \xc3\xbclke kaynaklar\xc4\xb1 Suriyeli ve yanda\xc5\x9flar aras\xc4\xb1\xe2\x80\xa6'
27-04-20,3:28:31,b'kadin ve lgbti+ haklari asikar turnusoludur bu tiplerin. Renklerini belli etmeden yapamazlar.\nGocmen ve cocuk hakla\xe2\x80\xa6 https://t.co/BDtxGGJISh'
27-04-20,3:28:31,b'kadin ve lgbti+ haklari asikar turnusoludur bu tiplerin. Renklerini belli etmeden yapamazlar.\nGocmen ve cocuk hakla\xe2\x80\xa6 https://t.co/BDtxGGJISh'
27-04-20,11:18:00,b'RT @Levent66480097: #4447Vakas\xc4\xb1 ile \xc4\xb0stenen primin iki kat\xc4\xb1 prim \xc3\xb6dememize ra\xc4\x9fmen hak etti\xc4\x9fimiz \xc3\xbclke kaynaklar\xc4\xb1 Suriyeli ve yanda\xc5\x9flar aras\xc4\xb1\xe2\x80\xa6'
27-04-20,8:29:00,b'#4447Vakas\xc4\xb1 ile \xc4\xb0stenen primin iki kat\xc4\xb1 prim \xc3\xb6dememize ra\xc4\x9fmen hak etti\xc4\x9fimiz \xc3\xbclke kaynaklar\xc4\xb1 Suriyeli ve yanda\xc5\x9flar a\xe2\x80\xa6 https://t.co/4EXrbh0bMw'
27-04-20,8:35:00,"b'@rinsoertan @MngCal Benim kimseyi de\xc5\x9fifre etme gibi bir \xc3\xa7abam yok, hak varsa helal etmem #mngkucukkoy  \xc3\xa7al\xc4\xb1\xc5\x9fanda \xc5\x9fe\xe2\x80\xa6 https://t.co/N4ltfNAcgY'"
27-04-20,8:37:00,b'RT @Levent66480097: #4447Vakas\xc4\xb1 ile \xc4\xb0stenen primin iki kat\xc4\xb1 prim \xc3\xb6dememize ra\xc4\x9fmen hak etti\xc4\x9fimiz \xc3\xbclke kaynaklar\xc4\xb1 Suriyeli ve yanda\xc5\x9flar aras\xc4\xb1\xe2\x80\xa6'
27-04-20,8:35:00,b'RT @Levent66480097: #4447Vakas\xc4\xb1 ile \xc4\xb0stenen primin iki kat\xc4\xb1 prim \xc3\xb6dememize ra\xc4\x9fmen hak etti\xc4\x9fimiz \xc3\xbclke kaynaklar\xc4\xb1 Suriyeli ve yanda\xc5\x9flar aras\xc4\xb1\xe2\x80\xa6'
27-04-20,8:44:00,b'RT @Levent66480097: #4447Vakas\xc4\xb1 ile \xc4\xb0stenen primin iki kat\xc4\xb1 prim \xc3\xb6dememize ra\xc4\x9fmen hak etti\xc4\x9fimiz \xc3\xbclke kaynaklar\xc4\xb1 Suriyeli ve yanda\xc5\x9flar aras\xc4\xb1\xe2\x80\xa6'
27-04-20,8:50:00,b'RT @Levent66480097: #4447Vakas\xc4\xb1 ile \xc4\xb0stenen primin iki kat\xc4\xb1 prim \xc3\xb6dememize ra\xc4\x9fmen hak etti\xc4\x9fimiz \xc3\xbclke kaynaklar\xc4\xb1 Suriyeli ve yanda\xc5\x9flar aras\xc4\xb1\xe2\x80\xa6'
27-04-20,8:50:00,b'RT @Levent66480097: #4447Vakas\xc4\xb1 ile \xc4\xb0stenen primin iki kat\xc4\xb1 prim \xc3\xb6dememize ra\xc4\x9fmen hak etti\xc4\x9fimiz \xc3\xbclke kaynaklar\xc4\xb1 Suriyeli ve yanda\xc5\x9flar aras\xc4\xb1\xe2\x80\xa6'
27-04-20,8:53:00,b'RT @Levent66480097: #4447Vakas\xc4\xb1 ile \xc4\xb0stenen primin iki kat\xc4\xb1 prim \xc3\xb6dememize ra\xc4\x9fmen hak etti\xc4\x9fimiz \xc3\xbclke kaynaklar\xc4\xb1 Suriyeli ve yanda\xc5\x9flar aras\xc4\xb1\xe2\x80\xa6'
27-04-20,8:57:00,b'RT @Levent66480097: #4447Vakas\xc4\xb1 ile \xc4\xb0stenen primin iki kat\xc4\xb1 prim \xc3\xb6dememize ra\xc4\x9fmen hak etti\xc4\x9fimiz \xc3\xbclke kaynaklar\xc4\xb1 Suriyeli ve yanda\xc5\x9flar aras\xc4\xb1\xe2\x80\xa6'
27-04-20,9:16:00,b'RT @Levent66480097: #4447Vakas\xc4\xb1 ile \xc4\xb0stenen primin iki kat\xc4\xb1 prim \xc3\xb6dememize ra\xc4\x9fmen hak etti\xc4\x9fimiz \xc3\xbclke kaynaklar\xc4\xb1 Suriyeli ve yanda\xc5\x9flar aras\xc4\xb1\xe2\x80\xa6'
27-04-20,9:28:00,b'RT @Levent66480097: #4447Vakas\xc4\xb1 ile \xc4\xb0stenen primin iki kat\xc4\xb1 prim \xc3\xb6dememize ra\xc4\x9fmen hak etti\xc4\x9fimiz \xc3\xbclke kaynaklar\xc4\xb1 Suriyeli ve yanda\xc5\x9flar aras\xc4\xb1\xe2\x80\xa6'
27-04-20,9:44:00,b'RT @Levent66480097: #4447Vakas\xc4\xb1 ile \xc4\xb0stenen primin iki kat\xc4\xb1 prim \xc3\xb6dememize ra\xc4\x9fmen hak etti\xc4\x9fimiz \xc3\xbclke kaynaklar\xc4\xb1 Suriyeli ve yanda\xc5\x9flar aras\xc4\xb1\xe2\x80\xa6'
27-04-20,8:41:00,b'RT @Levent66480097: #4447Vakas\xc4\xb1 ile \xc4\xb0stenen primin iki kat\xc4\xb1 prim \xc3\xb6dememize ra\xc4\x9fmen hak etti\xc4\x9fimiz \xc3\xbclke kaynaklar\xc4\xb1 Suriyeli ve yanda\xc5\x9flar aras\xc4\xb1\xe2\x80\xa6'
28-04-20,9:58:00,"b'RT @hbarisalir19: Bir tarafta gencecik bir insan nas\xc4\xb1l vurulur diyenler, di\xc4\x9fer tarafta Suriyeli oldu\xc4\x9fu s\xc3\xb6ylenerek \xc3\xb6lmeyi hak etti\xc4\x9fi annesin\xe2\x80\xa6'"
28-04-20,8:33:00,"b'Dini, dili, \xc4\xb1rk\xc4\xb1 ve rengi ne olursa olsun.. Sadece \xc3\xa7ocuklar de\xc4\x9fil, hi\xc3\xa7bir insan \xc3\xb6lmeyi hak etmez. Peki\xe2\x80\xa6 https://t.co/CGeEBXPdsq'"
28-04-20,9:51:00,"b'Bir tarafta gencecik bir insan nas\xc4\xb1l vurulur diyenler, di\xc4\x9fer tarafta Suriyeli oldu\xc4\x9fu s\xc3\xb6ylenerek \xc3\xb6lmeyi hak etti\xc4\x9fi a\xe2\x80\xa6 https://t.co/GFv4vPoEWh'"
28-04-20,10:37:00,b'polisin bir insan\xc4\xb1 kalbinden vuracak kadar hak kazanmas\xc4\xb1 da 17 ya\xc5\x9f\xc4\xb1ndaki bir \xc3\xa7ocu\xc4\x9fun \xc3\xa7al\xc4\xb1\xc5\x9fmak zorunda olmas\xc4\xb1 da sur\xe2\x80\xa6 https://t.co/TvkRwACdsg'
28-04-20,1:08:00,b'#Aliyi\xc3\x96ld\xc3\xbcrenlerNerede\nSuriyeli diye \xc3\xb6l\xc3\xbcm\xc3\xbc hak g\xc3\xb6rd\xc3\xbcn\xc3\xbcz sizin gibi zihniyeti k\xc4\xb1n\xc4\xb1yorum Allah belan\xc4\xb1z\xc4\xb1 versin tiksiniyorum bu \xc3\xbclkeden artik'
28-04-20,12:40:00,"b'Umar\xc4\xb1m gencin \xc3\xb6l\xc3\xbcm\xc3\xbcne sebep olan polisler hak etti\xc4\x9fi cezay\xc4\xb1 al\xc4\xb1rlar. Y\xc4\xb1llarca Suriyeliler defolsun diyenler, Suriye\xe2\x80\xa6 https://t.co/pZiFsdTiff'"
28-04-20,12:49:00,"b'RT @dilekeskii: Umar\xc4\xb1m gencin \xc3\xb6l\xc3\xbcm\xc3\xbcne sebep olan polisler hak etti\xc4\x9fi cezay\xc4\xb1 al\xc4\xb1rlar. Y\xc4\xb1llarca Suriyeliler defolsun diyenler, Suriyelileri i\xe2\x80\xa6'"
28-04-20,8:28:00,b'RT @Levent66480097: #4447Vakas\xc4\xb1 ile \xc4\xb0stenen primin iki kat\xc4\xb1 prim \xc3\xb6dememize ra\xc4\x9fmen hak etti\xc4\x9fimiz \xc3\xbclke kaynaklar\xc4\xb1 Suriyeli ve yanda\xc5\x9flar aras\xc4\xb1\xe2\x80\xa6'
28-04-20,11:05:00,"b'ali\xe2\x80\x99yi \xc3\xb6ld\xc3\xbcrenler, ali suriyeli oldu\xc4\x9fu i\xc3\xa7in bu kadar hoyrat\xc3\xa7a hareket etmeyi kendilerine hak g\xc3\xb6r\xc3\xbcyorlar. polisler,\xe2\x80\xa6 https://t.co/bWCI7mXi3q'"
28-04-20,7:40:00,b'Bunlar nas\xc4\xb1l insan cidden hayret ediyorum.. Suriyeli diye su\xc3\xa7suz yere \xc3\xb6lmeyi hak ediyor muydu daha 17 ya\xc5\x9f\xc4\xb1nda bir \xc3\xa7\xe2\x80\xa6 https://t.co/4H0UjlNjIC'
28-04-20,1:08:00,b'@TaylanKulacogIu Neden bir insani turk yada suriyeli diye ayiriyorlarki onunda yasama hakki yokmuydu bu hayatta hep\xe2\x80\xa6 https://t.co/7ykJDrdaGB'
28-04-20,6:47:00,b'RT @Levent66480097: #4447Vakas\xc4\xb1 ile \xc4\xb0stenen primin iki kat\xc4\xb1 prim \xc3\xb6dememize ra\xc4\x9fmen hak etti\xc4\x9fimiz \xc3\xbclke kaynaklar\xc4\xb1 Suriyeli ve yanda\xc5\x9flar aras\xc4\xb1\xe2\x80\xa6'
28-04-20,4:10:00,b'@beyraha @Kontescik ki suriyeli de de\xc4\x9fil heralde. Ayr\xc4\xb1ca olsa bile olmasa bile \xc4\xb0nsan... hi\xc3\xa7 kimse heleki bir \xc3\xa7ocuk b\xc3\xb6yle \xc3\xb6lmeyi hak etmiyor.'
28-04-20,3:41:00,"b'Suriyeli demi\xc5\x9fsiniz, hak etmi\xc5\x9ftir demi\xc5\x9fsiniz..\nAma unuttu\xc4\x9funuz bir \xc5\x9fey olmu\xc5\x9f. O bir \xc3\xa7o\xc3\xa7uk. Ve ayn\xc4\xb1 zamanda bilmedi\xc4\x9f\xe2\x80\xa6 https://t.co/51ExLLvuIQ'"
28-04-20,1:01:00,b'RT @Levent66480097: #4447Vakas\xc4\xb1 ile \xc4\xb0stenen primin iki kat\xc4\xb1 prim \xc3\xb6dememize ra\xc4\x9fmen hak etti\xc4\x9fimiz \xc3\xbclke kaynaklar\xc4\xb1 Suriyeli ve yanda\xc5\x9flar aras\xc4\xb1\xe2\x80\xa6'
28-04-20,12:57:00,b'RT @Levent66480097: #4447Vakas\xc4\xb1 ile \xc4\xb0stenen primin iki kat\xc4\xb1 prim \xc3\xb6dememize ra\xc4\x9fmen hak etti\xc4\x9fimiz \xc3\xbclke kaynaklar\xc4\xb1 Suriyeli ve yanda\xc5\x9flar aras\xc4\xb1\xe2\x80\xa6'
28-04-20,12:44:00,b'RT @Levent66480097: #4447Vakas\xc4\xb1 ile \xc4\xb0stenen primin iki kat\xc4\xb1 prim \xc3\xb6dememize ra\xc4\x9fmen hak etti\xc4\x9fimiz \xc3\xbclke kaynaklar\xc4\xb1 Suriyeli ve yanda\xc5\x9flar aras\xc4\xb1\xe2\x80\xa6'
28-04-20,12:22:00,b'RT @Levent66480097: #4447Vakas\xc4\xb1 ile \xc4\xb0stenen primin iki kat\xc4\xb1 prim \xc3\xb6dememize ra\xc4\x9fmen hak etti\xc4\x9fimiz \xc3\xbclke kaynaklar\xc4\xb1 Suriyeli ve yanda\xc5\x9flar aras\xc4\xb1\xe2\x80\xa6'
28-04-20,12:12:00,b'RT @Levent66480097: #4447Vakas\xc4\xb1 ile \xc4\xb0stenen primin iki kat\xc4\xb1 prim \xc3\xb6dememize ra\xc4\x9fmen hak etti\xc4\x9fimiz \xc3\xbclke kaynaklar\xc4\xb1 Suriyeli ve yanda\xc5\x9flar aras\xc4\xb1\xe2\x80\xa6'
28-04-20,1:09:00,"b'Suriyeli olmas\xc4\xb1, 17 ya\xc5\x9f\xc4\xb1nda olup d\xc4\xb1\xc5\x9far\xc4\xb1da olmas\xc4\xb1 \xc3\xb6nemli de\xc4\x9fildi. \xc3\x96lmeyi hak etmedi. Kalbinden vurularak ac\xc4\xb1 \xc3\xa7ekmeyi\xe2\x80\xa6 https://t.co/y7snz6nEWx'"
28-04-20,2:45:30,"b'RT @senakaleli: K\xc3\xbc\xc3\xa7\xc3\xbcmsedikleri, g\xc3\xbcnahkar ve sapk\xc4\xb1n dedikleri bir insan\xc4\xb1n d\xc3\xbcnyay\xc4\xb1 kurtard\xc4\xb1\xc4\x9f\xc4\xb1n\xc4\xb1 d\xc3\xbc\xc5\x9f\xc3\xbcn\xc3\xbcnce insanl\xc4\xb1k, hak ve vicdan\xc4\xb1m\xc4\xb1z hareket\xe2\x80\xa6'"
28-04-20,7:09:00,b'Suriyeli oldu\xc4\x9fu i\xc3\xa7in hak ediyor diyenler var unutmay\xc4\xb1n o \xc3\xa7ocuk bizim evlad\xc4\xb1m\xc4\xb1zda olabilirdi dur emrine uymam\xc4\xb1\xc5\x9f diye\xe2\x80\xa6 https://t.co/x1W5SbjfUh'
28-04-20,1:24:00,"b'\xc4\xb0ster yasa\xc4\x9fa uymas\xc4\xb1n, ister suriyeli olsun kalbinden vurulmay\xc4\xb1 hak edicek bir \xc5\x9fey yapmad\xc4\xb1.Masum insanlar\xc4\xb1 \xc3\xb6ld\xc3\xbcrmek\xe2\x80\xa6 https://t.co/nbTm4Qsxwu'"
28-04-20,1:31:00,b'RT @Levent66480097: #4447Vakas\xc4\xb1 ile \xc4\xb0stenen primin iki kat\xc4\xb1 prim \xc3\xb6dememize ra\xc4\x9fmen hak etti\xc4\x9fimiz \xc3\xbclke kaynaklar\xc4\xb1 Suriyeli ve yanda\xc5\x9flar aras\xc4\xb1\xe2\x80\xa6'
28-04-20,2:10:00,b'@t24comtr \xe2\x80\x9cSuriyeli\xe2\x80\x9d diye belirtmek neden? Suriyeliyi vurmak hak m\xc4\xb1?'
28-04-20,1:39:00,"b'@TaylanKulacogIu \xc3\x87\xc3\xbcnk\xc3\xbc hala ""suriyeliymis"" yaziryorlar  normal de\xc4\x9fil mi ? Suriyeli olunca \xc3\xb6lmeyi hak etmi\xc5\x9f gibi...'"
28-04-20,11:02:00,b'@srkninci Bunlar bu co\xc4\x9frafyada normal \xc5\x9feyler Vatanda\xc5\x9f\xc4\xb1m\xc4\xb1z olsayd\xc4\xb1 hak verirdim. Suriyeli oldu\xc4\x9fu i\xc3\xa7in Devletmizin polisi umar\xc4\xb1m ceza almaz.'
28-04-20,10:10:00,b'RT @mgtivepandemi: \xe2\x80\xa2Suriyeli g\xc3\xb6\xc3\xa7menlere Avrupa Birli\xc4\x9fi taraf\xc4\xb1ndan sa\xc4\x9flanan nakit destek i\xc3\xa7in salg\xc4\xb1n s\xc3\xbcresince hak sahibi olma ko\xc5\x9fullar\xc4\xb1 esn\xe2\x80\xa6'
28-04-20,7:56:00,b'@merdanyanardag Tam bir pisliksiniz  ya d\xc3\xbcne kadar suriyeli istemeyen siz bug\xc3\xbcn hak savunuyorsunuz. Karaktersiz foseptik \xc3\xa7ukurlar\xc4\xb1'
28-04-20,7:19:00,b'RT @ZuhalNurdan: @burcuas @zekikayahan Polisimin yan\xc4\xb1nday\xc4\xb1m diyenlere bu kez hak vermiyorum! Suriyeli veya T\xc3\xbcrk farketmez gencecik \xc3\xa7ocu\xc4\x9fu i\xe2\x80\xa6'
28-04-20,7:04:00,b'RT @mesgiin: #AliyiOldurenlerNerede Suriyeli diye 17 ya\xc5\x9f\xc4\xb1nda gencecik bir \xc3\xa7ocu\xc4\x9fu kalbinden vurarak \xc3\xb6ld\xc3\xbcrmek hak de\xc4\x9fildir! Bakalim ka\xc3\xa7 g\xc3\xbcne\xe2\x80\xa6'
28-04-20,2:45:30,"b'RT @senakaleli: K\xc3\xbc\xc3\xa7\xc3\xbcmsedikleri, g\xc3\xbcnahkar ve sapk\xc4\xb1n dedikleri bir insan\xc4\xb1n d\xc3\xbcnyay\xc4\xb1 kurtard\xc4\xb1\xc4\x9f\xc4\xb1n\xc4\xb1 d\xc3\xbc\xc5\x9f\xc3\xbcn\xc3\xbcnce insanl\xc4\xb1k, hak ve vicdan\xc4\xb1m\xc4\xb1z hareket\xe2\x80\xa6'"
28-04-20,6:55:00,b'RT @ZuhalNurdan: @burcuas @zekikayahan Polisimin yan\xc4\xb1nday\xc4\xb1m diyenlere bu kez hak vermiyorum! Suriyeli veya T\xc3\xbcrk farketmez gencecik \xc3\xa7ocu\xc4\x9fu i\xe2\x80\xa6'
28-04-20,6:37:00,b'#suriyeli cok yazik 17 yasinda bir cocuk kalbinden vurulmayi hak edicek ne yapti!'
28-04-20,6:03:00,b'RT @Levent66480097: #4447Vakas\xc4\xb1 ile \xc4\xb0stenen primin iki kat\xc4\xb1 prim \xc3\xb6dememize ra\xc4\x9fmen hak etti\xc4\x9fimiz \xc3\xbclke kaynaklar\xc4\xb1 Suriyeli ve yanda\xc5\x9flar aras\xc4\xb1\xe2\x80\xa6'
28-04-20,6:59:00,b'\xe2\x80\xa2Suriyeli g\xc3\xb6\xc3\xa7menlere Avrupa Birli\xc4\x9fi taraf\xc4\xb1ndan sa\xc4\x9flanan nakit destek i\xc3\xa7in salg\xc4\xb1n s\xc3\xbcresince hak sahibi olma ko\xc5\x9fullar\xe2\x80\xa6 https://t.co/NdTvk5pG4H'
28-04-20,5:30:00,b'#AliyiOldurenlerNerede Suriyeli diye 17 ya\xc5\x9f\xc4\xb1nda gencecik bir \xc3\xa7ocu\xc4\x9fu kalbinden vurarak \xc3\xb6ld\xc3\xbcrmek hak de\xc4\x9fildir! Bakali\xe2\x80\xa6 https://t.co/MxSYVRd6uy'
28-04-20,2:23:00,b'RT @Levent66480097: #4447Vakas\xc4\xb1 ile \xc4\xb0stenen primin iki kat\xc4\xb1 prim \xc3\xb6dememize ra\xc4\x9fmen hak etti\xc4\x9fimiz \xc3\xbclke kaynaklar\xc4\xb1 Suriyeli ve yanda\xc5\x9flar aras\xc4\xb1\xe2\x80\xa6'
28-04-20,5:42:00,b'RT @ZuhalNurdan: @burcuas @zekikayahan Polisimin yan\xc4\xb1nday\xc4\xb1m diyenlere bu kez hak vermiyorum! Suriyeli veya T\xc3\xbcrk farketmez gencecik \xc3\xa7ocu\xc4\x9fu i\xe2\x80\xa6'
28-04-20,3:26:00,"b'RT @dilekeskii: Umar\xc4\xb1m gencin \xc3\xb6l\xc3\xbcm\xc3\xbcne sebep olan polisler hak etti\xc4\x9fi cezay\xc4\xb1 al\xc4\xb1rlar. Y\xc4\xb1llarca Suriyeliler defolsun diyenler, Suriyelileri i\xe2\x80\xa6'"
28-04-20,3:49:00,b'@burcuas @zekikayahan Polisimin yan\xc4\xb1nday\xc4\xb1m diyenlere bu kez hak vermiyorum! Suriyeli veya T\xc3\xbcrk farketmez gencecik \xc3\xa7\xe2\x80\xa6 https://t.co/2UGXBW7SQr'
28-04-20,4:01:00,b'@sevdaturkusev Yasa\xc4\x9fa uymad\xc4\xb1 diye kimse \xc3\xb6ld\xc3\xbcr\xc3\xbclmez!S\xc4\xb1rf suriyeli diye \xc3\xb6l\xc3\xbcm\xc3\xbc hak g\xc3\xb6renler insan k\xc4\xb1l\xc4\xb1\xc4\x9f\xc4\xb1nda bir canidi\xe2\x80\xa6 https://t.co/Ymqsvic8Cu'
28-04-20,3:23:00,b'\xc3\x87o\xc3\xa7uk Suriyeli diye \xc3\xa7o\xc3\xa7u\xc4\x9fu \xc3\xb6ld\xc3\xbcren polise hak verenler var olay\xc4\xb1 \xc4\xb1rk\xc3\xa7\xc4\xb1l\xc4\xb1\xc4\x9fa g\xc3\xb6t\xc3\xbcr\xc3\xbcp k\xc3\xbc\xc3\xa7\xc3\xbck bir \xc3\xa7o\xc3\xa7u\xc4\x9fa ter\xc3\xb6rist diyen\xe2\x80\xa6 https://t.co/9p0a82fPBQ'
28-04-20,4:42:00,b'RT @ZuhalNurdan: @burcuas @zekikayahan Polisimin yan\xc4\xb1nday\xc4\xb1m diyenlere bu kez hak vermiyorum! Suriyeli veya T\xc3\xbcrk farketmez gencecik \xc3\xa7ocu\xc4\x9fu i\xe2\x80\xa6'
28-04-20,5:00:00,"b'@Daliyildiz212 \xc3\x87\xc3\xbcnk\xc3\xbc biz asl\xc4\xb1na bakmadan hak arayanlar\xc4\xb1z l\xc3\xa2kin ""g\xc3\xb6r\xc3\xbcnen k\xc3\xb6y k\xc4\xb1lavuz istemez"" misali, s\xc3\xbcrekli Suriye\xe2\x80\xa6 https://t.co/pWwriCKCIS'"
28-04-20,5:16:00,b'suriyeli oldu\xc4\x9fu i\xc3\xa7in \xc3\xb6l\xc3\xbcm\xc3\xbc hak etti\xc4\x9fini savunan zihniyetlere sahip insanlarla ayn\xc4\xb1 havay\xc4\xb1 solumak bile mide buland\xc4\xb1r\xc4\xb1c\xc4\xb1'
28-04-20,4:40:00,"b'RT @nupeldayim: ali\xe2\x80\x99yi \xc3\xb6ld\xc3\xbcrenler, ali suriyeli oldu\xc4\x9fu i\xc3\xa7in bu kadar hoyrat\xc3\xa7a hareket etmeyi kendilerine hak g\xc3\xb6r\xc3\xbcyorlar. polisler, bir \xc3\xa7ocu\xe2\x80\xa6'"
29-04-20,12:28:00,"b'Bu \xc3\xa7ocuklar art\xc4\xb1k yetenek s\xc4\xb1navlar\xc4\xb1yla istedikleri b\xc3\xb6l\xc3\xbcmlere girmeyi hak ediyorlar? Yoruldular, b\xc4\xb1kt\xc4\xb1lar. Suriyeli\xe2\x80\xa6 https://t.co/0rWqLAU4qb'"
29-04-20,3:53:00,b'RT @ZuhalNurdan: @burcuas @zekikayahan Polisimin yan\xc4\xb1nday\xc4\xb1m diyenlere bu kez hak vermiyorum! Suriyeli veya T\xc3\xbcrk farketmez gencecik \xc3\xa7ocu\xc4\x9fu i\xe2\x80\xa6'
29-04-20,6:47:00,b'RT @ZuhalNurdan: @burcuas @zekikayahan Polisimin yan\xc4\xb1nday\xc4\xb1m diyenlere bu kez hak vermiyorum! Suriyeli veya T\xc3\xbcrk farketmez gencecik \xc3\xa7ocu\xc4\x9fu i\xe2\x80\xa6'
29-04-20,8:16:00,"b'""Suriyeli"" deyip \xc3\xb6lmesini normalle\xc5\x9ftirdiniz.T\xc3\xbcrk olmayan b\xc3\xbct\xc3\xbcn \xc4\xb1rklar \xc3\xb6l\xc3\xbcm\xc3\xbc m\xc3\xbc hak ediyor? Suriyelilerden bu kadar\xe2\x80\xa6 https://t.co/n7PP7iAmyM'"
29-04-20,8:50:00,b'@ismailsaymaz Suriyeli d\xc3\xbc\xc5\x9fmani fa\xc5\x9fizan e\xc4\x9filimde 1 numarayken...Suriyeli hak Arama?? ikiy\xc3\xbczl\xc3\xbcl\xc3\xbck Nobeli verilseydi..\xe2\x80\xa6 https://t.co/XSxqlp8taC'
29-04-20,10:08:00,b'RT @ZuhalNurdan: @burcuas @zekikayahan Polisimin yan\xc4\xb1nday\xc4\xb1m diyenlere bu kez hak vermiyorum! Suriyeli veya T\xc3\xbcrk farketmez gencecik \xc3\xa7ocu\xc4\x9fu i\xe2\x80\xa6'
29-04-20,12:11:00,b'RT @ZuhalNurdan: @burcuas @zekikayahan Polisimin yan\xc4\xb1nday\xc4\xb1m diyenlere bu kez hak vermiyorum! Suriyeli veya T\xc3\xbcrk farketmez gencecik \xc3\xa7ocu\xc4\x9fu i\xe2\x80\xa6'
29-04-20,12:29:00,"b'RT @deilangi: Bu \xc3\xa7ocuklar art\xc4\xb1k yetenek s\xc4\xb1navlar\xc4\xb1yla istedikleri b\xc3\xb6l\xc3\xbcmlere girmeyi hak ediyorlar? Yoruldular, b\xc4\xb1kt\xc4\xb1lar. Suriyeli \xc3\xa7ocuklar\xc4\xb1m\xe2\x80\xa6'"
29-04-20,12:45:00,"b'RT @deilangi: Bu \xc3\xa7ocuklar art\xc4\xb1k yetenek s\xc4\xb1navlar\xc4\xb1yla istedikleri b\xc3\xb6l\xc3\xbcmlere girmeyi hak ediyorlar? Yoruldular, b\xc4\xb1kt\xc4\xb1lar. Suriyeli \xc3\xa7ocuklar\xc4\xb1m\xe2\x80\xa6'"
29-04-20,1:00:00,"b'RT @deilangi: Bu \xc3\xa7ocuklar art\xc4\xb1k yetenek s\xc4\xb1navlar\xc4\xb1yla istedikleri b\xc3\xb6l\xc3\xbcmlere girmeyi hak ediyorlar? Yoruldular, b\xc4\xb1kt\xc4\xb1lar. Suriyeli \xc3\xa7ocuklar\xc4\xb1m\xe2\x80\xa6'"
29-04-20,1:14:00,"b'RT @deilangi: Bu \xc3\xa7ocuklar art\xc4\xb1k yetenek s\xc4\xb1navlar\xc4\xb1yla istedikleri b\xc3\xb6l\xc3\xbcmlere girmeyi hak ediyorlar? Yoruldular, b\xc4\xb1kt\xc4\xb1lar. Suriyeli \xc3\xa7ocuklar\xc4\xb1m\xe2\x80\xa6'"
29-04-20,2:31:00,"b'RT @deilangi: Bu \xc3\xa7ocuklar art\xc4\xb1k yetenek s\xc4\xb1navlar\xc4\xb1yla istedikleri b\xc3\xb6l\xc3\xbcmlere girmeyi hak ediyorlar? Yoruldular, b\xc4\xb1kt\xc4\xb1lar. Suriyeli \xc3\xa7ocuklar\xc4\xb1m\xe2\x80\xa6'"
29-04-20,2:40:00,"b'RT @deilangi: Bu \xc3\xa7ocuklar art\xc4\xb1k yetenek s\xc4\xb1navlar\xc4\xb1yla istedikleri b\xc3\xb6l\xc3\xbcmlere girmeyi hak ediyorlar? Yoruldular, b\xc4\xb1kt\xc4\xb1lar. Suriyeli \xc3\xa7ocuklar\xc4\xb1m\xe2\x80\xa6'"
29-04-20,2:47:00,"b'RT @deilangi: Bu \xc3\xa7ocuklar art\xc4\xb1k yetenek s\xc4\xb1navlar\xc4\xb1yla istedikleri b\xc3\xb6l\xc3\xbcmlere girmeyi hak ediyorlar? Yoruldular, b\xc4\xb1kt\xc4\xb1lar. Suriyeli \xc3\xa7ocuklar\xc4\xb1m\xe2\x80\xa6'"
29-04-20,3:02:00,"b'RT @deilangi: Bu \xc3\xa7ocuklar art\xc4\xb1k yetenek s\xc4\xb1navlar\xc4\xb1yla istedikleri b\xc3\xb6l\xc3\xbcmlere girmeyi hak ediyorlar? Yoruldular, b\xc4\xb1kt\xc4\xb1lar. Suriyeli \xc3\xa7ocuklar\xc4\xb1m\xe2\x80\xa6'"
29-04-20,4:31:00,"b'RT @deilangi: Bu \xc3\xa7ocuklar art\xc4\xb1k yetenek s\xc4\xb1navlar\xc4\xb1yla istedikleri b\xc3\xb6l\xc3\xbcmlere girmeyi hak ediyorlar? Yoruldular, b\xc4\xb1kt\xc4\xb1lar. Suriyeli \xc3\xa7ocuklar\xc4\xb1m\xe2\x80\xa6'"
29-04-20,8:07:00,"b'RT @deilangi: Bu \xc3\xa7ocuklar art\xc4\xb1k yetenek s\xc4\xb1navlar\xc4\xb1yla istedikleri b\xc3\xb6l\xc3\xbcmlere girmeyi hak ediyorlar? Yoruldular, b\xc4\xb1kt\xc4\xb1lar. Suriyeli \xc3\xa7ocuklar\xc4\xb1m\xe2\x80\xa6'"
29-04-20,12:36:00,"b'RT @deilangi: Bu \xc3\xa7ocuklar art\xc4\xb1k yetenek s\xc4\xb1navlar\xc4\xb1yla istedikleri b\xc3\xb6l\xc3\xbcmlere girmeyi hak ediyorlar? Yoruldular, b\xc4\xb1kt\xc4\xb1lar. Suriyeli \xc3\xa7ocuklar\xc4\xb1m\xe2\x80\xa6'"
30-04-20,6:20:00,b'#Sa\xc4\x9fl\xc4\xb1k\xc3\xa7\xc4\xb1yaS\xc4\xb1navs\xc4\xb1z\xc3\x9cnvan\n\nDoktorlara StajlaDenklik\nSuriyeli doktorlara verilen haklar TC vatanda\xc5\x9f\xc4\xb1 doktorlara veril\xe2\x80\xa6 https://t.co/QQ7kGzjhFP'
30-04-20,6:23:00,b'RT @Dribrambg: #Sa\xc4\x9fl\xc4\xb1k\xc3\xa7\xc4\xb1yaS\xc4\xb1navs\xc4\xb1z\xc3\x9cnvan\n\nDoktorlara StajlaDenklik\nSuriyeli doktorlara verilen haklar TC vatanda\xc5\x9f\xc4\xb1 doktorlara verilmelidir.\xe2\x80\xa6'
30-04-20,6:23:00,b'RT @Dribrambg: #Sa\xc4\x9fl\xc4\xb1k\xc3\xa7\xc4\xb1yaS\xc4\xb1navs\xc4\xb1z\xc3\x9cnvan\n\nDoktorlara StajlaDenklik\nSuriyeli doktorlara verilen haklar TC vatanda\xc5\x9f\xc4\xb1 doktorlara verilmelidir.\xe2\x80\xa6'
30-04-20,6:22:00,b'RT @Dribrambg: #Sa\xc4\x9fl\xc4\xb1k\xc3\xa7\xc4\xb1yaS\xc4\xb1navs\xc4\xb1z\xc3\x9cnvan\n\nDoktorlara StajlaDenklik\nSuriyeli doktorlara verilen haklar TC vatanda\xc5\x9f\xc4\xb1 doktorlara verilmelidir.\xe2\x80\xa6'
30-04-20,6:21:00,b'RT @Dribrambg: #Sa\xc4\x9fl\xc4\xb1k\xc3\xa7\xc4\xb1yaS\xc4\xb1navs\xc4\xb1z\xc3\x9cnvan\n\nDoktorlara StajlaDenklik\nSuriyeli doktorlara verilen haklar TC vatanda\xc5\x9f\xc4\xb1 doktorlara verilmelidir.\xe2\x80\xa6'
30-04-20,6:21:00,b'RT @Dribrambg: #Sa\xc4\x9fl\xc4\xb1k\xc3\xa7\xc4\xb1yaS\xc4\xb1navs\xc4\xb1z\xc3\x9cnvan\n\nDoktorlara StajlaDenklik\nSuriyeli doktorlara verilen haklar TC vatanda\xc5\x9f\xc4\xb1 doktorlara verilmelidir.\xe2\x80\xa6'
30-04-20,1:45:00,b'le havre ve eternity and a day filmlerini izlememis olanlara suriyeli konusunda yorum hakki taninmamaliydi'
30-04-20,6:55:00,b'RT @Dribrambg: #Sa\xc4\x9fl\xc4\xb1k\xc3\xa7\xc4\xb1yaS\xc4\xb1navs\xc4\xb1z\xc3\x9cnvan\n\nDoktorlara StajlaDenklik\nSuriyeli doktorlara verilen haklar TC vatanda\xc5\x9f\xc4\xb1 doktorlara verilmelidir.\xe2\x80\xa6'
30-04-20,6:28:00,b'RT @Dribrambg: #Sa\xc4\x9fl\xc4\xb1k\xc3\xa7\xc4\xb1yaS\xc4\xb1navs\xc4\xb1z\xc3\x9cnvan\n\nDoktorlara StajlaDenklik\nSuriyeli doktorlara verilen haklar TC vatanda\xc5\x9f\xc4\xb1 doktorlara verilmelidir.\xe2\x80\xa6'
30-04-20,6:24:00,b'RT @Dribrambg: #Sa\xc4\x9fl\xc4\xb1k\xc3\xa7\xc4\xb1yaS\xc4\xb1navs\xc4\xb1z\xc3\x9cnvan\n\nDoktorlara StajlaDenklik\nSuriyeli doktorlara verilen haklar TC vatanda\xc5\x9f\xc4\xb1 doktorlara verilmelidir.\xe2\x80\xa6'
30-04-20,7:33:00,b'RT @ZuhalNurdan: @burcuas @zekikayahan Polisimin yan\xc4\xb1nday\xc4\xb1m diyenlere bu kez hak vermiyorum! Suriyeli veya T\xc3\xbcrk farketmez gencecik \xc3\xa7ocu\xc4\x9fu i\xe2\x80\xa6'
30-04-20,6:21:00,b'RT @Dribrambg: #Sa\xc4\x9fl\xc4\xb1k\xc3\xa7\xc4\xb1yaS\xc4\xb1navs\xc4\xb1z\xc3\x9cnvan\n\nDoktorlara StajlaDenklik\nSuriyeli doktorlara verilen haklar TC vatanda\xc5\x9f\xc4\xb1 doktorlara verilmelidir.\xe2\x80\xa6'
30-04-20,6:28:00,b'RT @Dribrambg: #Sa\xc4\x9fl\xc4\xb1k\xc3\xa7\xc4\xb1yaS\xc4\xb1navs\xc4\xb1z\xc3\x9cnvan\n\nDoktorlara StajlaDenklik\nSuriyeli doktorlara verilen haklar TC vatanda\xc5\x9f\xc4\xb1 doktorlara verilmelidir.\xe2\x80\xa6'
01-05-20,8:26:00,b'RT @KratAlemdarogl1: Hekimlere StajlaDenklik ne kadar daha g\xc3\xb6rmemezlikten geleceksiniz? Suriyeli meslekta\xc5\x9flar\xc4\xb1m\xc4\xb1za verilen haklar neden \xc3\xb6z\xe2\x80\xa6'
01-05-20,8:28:00,b'RT @deryakeskin6: Hekimlere StajlaDenklik ne kadar daha g\xc3\xb6rmemezlikten geleceksiniz? Suriyeli meslekta\xc5\x9flar\xc4\xb1m\xc4\xb1za verilen haklar neden \xc3\xb6z evl\xe2\x80\xa6'
01-05-20,8:30:00,b'RT @deryakeskin6: Hekimlere StajlaDenklik ne kadar daha g\xc3\xb6rmemezlikten geleceksiniz? Suriyeli meslekta\xc5\x9flar\xc4\xb1m\xc4\xb1za verilen haklar neden \xc3\xb6z evl\xe2\x80\xa6'
01-05-20,10:16:00,b'RT @deryakeskin6: Hekimlere StajlaDenklik ne kadar daha g\xc3\xb6rmemezlikten geleceksiniz? Suriyeli meslekta\xc5\x9flar\xc4\xb1m\xc4\xb1za verilen haklar neden \xc3\xb6z evl\xe2\x80\xa6'
01-05-20,8:50:00,b'RT @deryakeskin6: Hekimlere StajlaDenklik ne kadar daha g\xc3\xb6rmemezlikten geleceksiniz? Suriyeli meslekta\xc5\x9flar\xc4\xb1m\xc4\xb1za verilen haklar neden \xc3\xb6z evl\xe2\x80\xa6'
01-05-20,10:21:00,b'RT @SerdarA83034042: Hekimlere StajlaDenklik ne kadar daha g\xc3\xb6rmemezlikten geleceksiniz? Suriyeli meslekta\xc5\x9flar\xc4\xb1m\xc4\xb1za verilen haklar neden \xc3\xb6z\xe2\x80\xa6'
01-05-20,8:32:00,b'RT @deryakeskin6: Hekimlere StajlaDenklik ne kadar daha g\xc3\xb6rmemezlikten geleceksiniz? Suriyeli meslekta\xc5\x9flar\xc4\xb1m\xc4\xb1za verilen haklar neden \xc3\xb6z evl\xe2\x80\xa6'
01-05-20,8:20:00,b'RT @KratAlemdarogl1: Hekimlere StajlaDenklik ne kadar daha g\xc3\xb6rmemezlikten geleceksiniz? Suriyeli meslekta\xc5\x9flar\xc4\xb1m\xc4\xb1za verilen haklar neden \xc3\xb6z\xe2\x80\xa6'
01-05-20,1:49:00,b'@fahrettinaltun Bir suriyeli kadar k\xc4\xb1ymetimiz olmad\xc4\xb1 kendi \xc3\xbclkemde hak adalet sizden sorarlar kendi insan\xc4\xb1n yoklukl\xe2\x80\xa6 https://t.co/tkOdIYMP3W'
01-05-20,8:18:00,b'RT @SerdarA83034042: Hekimlere StajlaDenklik ne kadar daha g\xc3\xb6rmemezlikten geleceksiniz? Suriyeli meslekta\xc5\x9flar\xc4\xb1m\xc4\xb1za verilen haklar neden \xc3\xb6z\xe2\x80\xa6'
01-05-20,9:16:00,b'RT @KratAlemdarogl1: Hekimlere StajlaDenklik ne kadar daha g\xc3\xb6rmemezlikten geleceksiniz? Suriyeli meslekta\xc5\x9flar\xc4\xb1m\xc4\xb1za verilen haklar neden \xc3\xb6z\xe2\x80\xa6'
01-05-20,8:03:00,b'Hekimlere StajlaDenklik ne kadar daha g\xc3\xb6rmemezlikten geleceksiniz? Suriyeli meslekta\xc5\x9flar\xc4\xb1m\xc4\xb1za verilen haklar neden\xe2\x80\xa6 https://t.co/YHrFOCY3OD'
01-05-20,8:05:00,b'RT @deryakeskin6: Hekimlere StajlaDenklik ne kadar daha g\xc3\xb6rmemezlikten geleceksiniz? Suriyeli meslekta\xc5\x9flar\xc4\xb1m\xc4\xb1za verilen haklar neden \xc3\xb6z evl\xe2\x80\xa6'
01-05-20,8:06:00,b'RT @deryakeskin6: Hekimlere StajlaDenklik ne kadar daha g\xc3\xb6rmemezlikten geleceksiniz? Suriyeli meslekta\xc5\x9flar\xc4\xb1m\xc4\xb1za verilen haklar neden \xc3\xb6z evl\xe2\x80\xa6'
01-05-20,8:07:00,b'Hekimlere StajlaDenklik ne kadar daha g\xc3\xb6rmemezlikten geleceksiniz? Suriyeli meslekta\xc5\x9flar\xc4\xb1m\xc4\xb1za verilen haklar neden\xe2\x80\xa6 https://t.co/0dpOuTkBWY'
01-05-20,8:18:00,b'RT @KratAlemdarogl1: Hekimlere StajlaDenklik ne kadar daha g\xc3\xb6rmemezlikten geleceksiniz? Suriyeli meslekta\xc5\x9flar\xc4\xb1m\xc4\xb1za verilen haklar neden \xc3\xb6z\xe2\x80\xa6'
01-05-20,8:10:00,b'RT @KratAlemdarogl1: Hekimlere StajlaDenklik ne kadar daha g\xc3\xb6rmemezlikten geleceksiniz? Suriyeli meslekta\xc5\x9flar\xc4\xb1m\xc4\xb1za verilen haklar neden \xc3\xb6z\xe2\x80\xa6'
01-05-20,8:08:00,b'RT @deryakeskin6: Hekimlere StajlaDenklik ne kadar daha g\xc3\xb6rmemezlikten geleceksiniz? Suriyeli meslekta\xc5\x9flar\xc4\xb1m\xc4\xb1za verilen haklar neden \xc3\xb6z evl\xe2\x80\xa6'
01-05-20,8:12:00,b'RT @deryakeskin6: Hekimlere StajlaDenklik ne kadar daha g\xc3\xb6rmemezlikten geleceksiniz? Suriyeli meslekta\xc5\x9flar\xc4\xb1m\xc4\xb1za verilen haklar neden \xc3\xb6z evl\xe2\x80\xa6'
01-05-20,8:12:00,b'RT @deryakeskin6: Hekimlere StajlaDenklik ne kadar daha g\xc3\xb6rmemezlikten geleceksiniz? Suriyeli meslekta\xc5\x9flar\xc4\xb1m\xc4\xb1za verilen haklar neden \xc3\xb6z evl\xe2\x80\xa6'
01-05-20,8:12:00,b'RT @KratAlemdarogl1: Hekimlere StajlaDenklik ne kadar daha g\xc3\xb6rmemezlikten geleceksiniz? Suriyeli meslekta\xc5\x9flar\xc4\xb1m\xc4\xb1za verilen haklar neden \xc3\xb6z\xe2\x80\xa6'
01-05-20,8:15:00,b'RT @KratAlemdarogl1: Hekimlere StajlaDenklik ne kadar daha g\xc3\xb6rmemezlikten geleceksiniz? Suriyeli meslekta\xc5\x9flar\xc4\xb1m\xc4\xb1za verilen haklar neden \xc3\xb6z\xe2\x80\xa6'
01-05-20,8:15:00,b'RT @deryakeskin6: Hekimlere StajlaDenklik ne kadar daha g\xc3\xb6rmemezlikten geleceksiniz? Suriyeli meslekta\xc5\x9flar\xc4\xb1m\xc4\xb1za verilen haklar neden \xc3\xb6z evl\xe2\x80\xa6'
01-05-20,8:15:00,b'RT @deryakeskin6: Hekimlere StajlaDenklik ne kadar daha g\xc3\xb6rmemezlikten geleceksiniz? Suriyeli meslekta\xc5\x9flar\xc4\xb1m\xc4\xb1za verilen haklar neden \xc3\xb6z evl\xe2\x80\xa6'
01-05-20,8:16:00,b'Hekimlere StajlaDenklik ne kadar daha g\xc3\xb6rmemezlikten geleceksiniz? Suriyeli meslekta\xc5\x9flar\xc4\xb1m\xc4\xb1za verilen haklar neden\xe2\x80\xa6 https://t.co/kJBJU52gHB'
01-05-20,8:11:00,b'RT @KratAlemdarogl1: Hekimlere StajlaDenklik ne kadar daha g\xc3\xb6rmemezlikten geleceksiniz? Suriyeli meslekta\xc5\x9flar\xc4\xb1m\xc4\xb1za verilen haklar neden \xc3\xb6z\xe2\x80\xa6'
01-05-20,8:56:00,b'RT @deryakeskin6: Hekimlere StajlaDenklik ne kadar daha g\xc3\xb6rmemezlikten geleceksiniz? Suriyeli meslekta\xc5\x9flar\xc4\xb1m\xc4\xb1za verilen haklar neden \xc3\xb6z evl\xe2\x80\xa6'
02-05-20,7:39:00,b'@demir__422 @tele1comtr Nedir o haklar s\xc3\xb6ylermisin? Ufak tefek yard\xc4\xb1mlar\xc4\xb1 abartmay\xc4\xb1n sen hi\xc3\xa7 Suriyeli birini al\xc4\xb1pta\xe2\x80\xa6 https://t.co/kNUEw9L9q9'
02-05-20,12:12:00,b'RT @SerdarA83034042: Hekimlere StajlaDenklik ne kadar daha g\xc3\xb6rmemezlikten geleceksiniz? Suriyeli meslekta\xc5\x9flar\xc4\xb1m\xc4\xb1za verilen haklar neden \xc3\xb6z\xe2\x80\xa6'
02-05-20,9:43:00,b'RT @SerdarA83034042: Hekimlere StajlaDenklik ne kadar daha g\xc3\xb6rmemezlikten geleceksiniz? Suriyeli meslekta\xc5\x9flar\xc4\xb1m\xc4\xb1za verilen haklar neden \xc3\xb6z\xe2\x80\xa6'
02-05-20,7:58:12,b'RT @alibatak06: Say\xc4\xb1n cumhurba\xc5\x9fkan\xc4\xb1m 4 y\xc4\xb1ld\xc4\xb1r canla ba\xc5\x9fla muhacir \xc3\xa7ocuklar\xc4\xb1m\xc4\xb1za g\xc3\xbczel dilimiz T\xc3\xbcrk\xc3\xa7eyi \xc3\xb6\xc4\x9fretiyoruz kadroyu hak ediyoruz #Pi\xe2\x80\xa6'
02-05-20,7:07:00,b'#PiktesinUmuduCB  Muhacir Ensar karde\xc5\x9fli\xc4\x9fi i\xc3\xa7in fedakarca \xc3\xa7al\xc4\xb1\xc5\x9fan P\xc4\xb0KTES \xc3\xb6\xc4\x9fretmenleri kadroyu hak ediyor say\xc4\xb1n ba\xc5\x9fk\xe2\x80\xa6 https://t.co/McRLGeqJkM'
02-05-20,3:55:00,"b'@AbdulkadirOzl amin :) \nS\xc3\xbctl\xc3\xbc Nuriye, h\xc3\xbcrmeti hak ediyor.'"
02-05-20,7:23:00,b'#PiktesinUmuduCB Suriyeli \xc3\xa7ocuklar\xc4\xb1n umudu olan biz kadroyu hak etmedik mi'
02-05-20,3:42:00,b'RT @ZuhalNurdan: @burcuas @zekikayahan Polisimin yan\xc4\xb1nday\xc4\xb1m diyenlere bu kez hak vermiyorum! Suriyeli veya T\xc3\xbcrk farketmez gencecik \xc3\xa7ocu\xc4\x9fu i\xe2\x80\xa6'
02-05-20,10:54:46,"b'RT @AkkadinCubuk: Bu yol, hak yoludur. Bu yol, hizmet yoludur. \n\nBu yol, milletin derdiyle dertlenenlerin \xc3\xa7\xc4\xb1kt\xc4\xb1\xc4\x9f\xc4\xb1 yoldur. \n#BuYoldanD\xc3\xb6nmeye\xe2\x80\xa6'"
02-05-20,7:54:45,b'RT @kadropiktes: #PiktesinUmuduCB  Muhacir Ensar karde\xc5\x9fli\xc4\x9fi i\xc3\xa7in fedakarca \xc3\xa7al\xc4\xb1\xc5\x9fan P\xc4\xb0KTES \xc3\xb6\xc4\x9fretmenleri kadroyu hak ediyor say\xc4\xb1n ba\xc5\x9fkan\xc4\xb1m. @\xe2\x80\xa6'
02-05-20,7:50:38,b'RT @kadropiktes: #PiktesinUmuduCB  Muhacir Ensar karde\xc5\x9fli\xc4\x9fi i\xc3\xa7in fedakarca \xc3\xa7al\xc4\xb1\xc5\x9fan P\xc4\xb0KTES \xc3\xb6\xc4\x9fretmenleri kadroyu hak ediyor say\xc4\xb1n ba\xc5\x9fkan\xc4\xb1m. @\xe2\x80\xa6'
02-05-20,7:45:30,b'RT @alibatak06: Say\xc4\xb1n cumhurba\xc5\x9fkan\xc4\xb1m 4 y\xc4\xb1ld\xc4\xb1r canla ba\xc5\x9fla muhacir \xc3\xa7ocuklar\xc4\xb1m\xc4\xb1za g\xc3\xbczel dilimiz T\xc3\xbcrk\xc3\xa7eyi \xc3\xb6\xc4\x9fretiyoruz kadroyu hak ediyoruz #Pi\xe2\x80\xa6'
02-05-20,7:41:10,b'RT @kadropiktes: #PiktesinUmuduCB  Muhacir Ensar karde\xc5\x9fli\xc4\x9fi i\xc3\xa7in fedakarca \xc3\xa7al\xc4\xb1\xc5\x9fan P\xc4\xb0KTES \xc3\xb6\xc4\x9fretmenleri kadroyu hak ediyor say\xc4\xb1n ba\xc5\x9fkan\xc4\xb1m. @\xe2\x80\xa6'
02-05-20,7:39:41,b'RT @kadropiktes: #PiktesinUmuduCB  Muhacir Ensar karde\xc5\x9fli\xc4\x9fi i\xc3\xa7in fedakarca \xc3\xa7al\xc4\xb1\xc5\x9fan P\xc4\xb0KTES \xc3\xb6\xc4\x9fretmenleri kadroyu hak ediyor say\xc4\xb1n ba\xc5\x9fkan\xc4\xb1m. @\xe2\x80\xa6'
02-05-20,7:39:23,b'RT @kadropiktes: #PiktesinUmuduCB  Muhacir Ensar karde\xc5\x9fli\xc4\x9fi i\xc3\xa7in fedakarca \xc3\xa7al\xc4\xb1\xc5\x9fan P\xc4\xb0KTES \xc3\xb6\xc4\x9fretmenleri kadroyu hak ediyor say\xc4\xb1n ba\xc5\x9fkan\xc4\xb1m. @\xe2\x80\xa6'
02-05-20,7:38:30,b'RT @kadropiktes: #PiktesinUmuduCB  Muhacir Ensar karde\xc5\x9fli\xc4\x9fi i\xc3\xa7in fedakarca \xc3\xa7al\xc4\xb1\xc5\x9fan P\xc4\xb0KTES \xc3\xb6\xc4\x9fretmenleri kadroyu hak etmi\xc5\x9ftir. say\xc4\xb1n https://\xe2\x80\xa6'
02-05-20,7:40:10,b'RT @alibatak06: Say\xc4\xb1n cumhurba\xc5\x9fkan\xc4\xb1m 4 y\xc4\xb1ld\xc4\xb1r canla ba\xc5\x9fla muhacir \xc3\xa7ocuklar\xc4\xb1m\xc4\xb1za g\xc3\xbczel dilimiz T\xc3\xbcrk\xc3\xa7eyi \xc3\xb6\xc4\x9fretiyoruz kadroyu hak ediyoruz #Pi\xe2\x80\xa6'
02-05-20,7:28:48,b'RT @alibatak06: Say\xc4\xb1n cumhurba\xc5\x9fkan\xc4\xb1m 4 y\xc4\xb1ld\xc4\xb1r canla ba\xc5\x9fla muhacir \xc3\xa7ocuklar\xc4\xb1m\xc4\xb1za g\xc3\xbczel dilimiz T\xc3\xbcrk\xc3\xa7eyi \xc3\xb6\xc4\x9fretiyoruz kadroyu hak ediyoruz #Pi\xe2\x80\xa6'
02-05-20,7:07:56,b'#PiktesinUmuduCB  Muhacir Ensar karde\xc5\x9fli\xc4\x9fi i\xc3\xa7in fedakarca \xc3\xa7al\xc4\xb1\xc5\x9fan P\xc4\xb0KTES \xc3\xb6\xc4\x9fretmenleri kadroyu hak etmi\xc5\x9ftir. say\xc4\xb1n\xe2\x80\xa6 https://t.co/FmCzSbk7VI'
02-05-20,7:20:53,b'Sizin \xc3\xa7a\xc4\x9fr\xc4\xb1n\xc4\xb1za amas\xc4\xb1z lakinsiz ko\xc5\x9fup ensara muhacir olduk. Kadroyu hak ediyoruz. @rterdogan\n@emineerdogan\xe2\x80\xa6 https://t.co/K5HeZovNSC'
02-05-20,7:25:58,b'Say\xc4\xb1n cumhurba\xc5\x9fkan\xc4\xb1m 4 y\xc4\xb1ld\xc4\xb1r canla ba\xc5\x9fla muhacir \xc3\xa7ocuklar\xc4\xb1m\xc4\xb1za g\xc3\xbczel dilimiz T\xc3\xbcrk\xc3\xa7eyi \xc3\xb6\xc4\x9fretiyoruz kadroyu hak ediyoruz #PiktesinUmuduCB'
02-05-20,7:33:19,b'RT @alibatak06: Say\xc4\xb1n cumhurba\xc5\x9fkan\xc4\xb1m 4 y\xc4\xb1ld\xc4\xb1r canla ba\xc5\x9fla muhacir \xc3\xa7ocuklar\xc4\xb1m\xc4\xb1za g\xc3\xbczel dilimiz T\xc3\xbcrk\xc3\xa7eyi \xc3\xb6\xc4\x9fretiyoruz kadroyu hak ediyoruz #Pi\xe2\x80\xa6'
02-05-20,7:26:47,b'RT @alibatak06: Say\xc4\xb1n cumhurba\xc5\x9fkan\xc4\xb1m 4 y\xc4\xb1ld\xc4\xb1r canla ba\xc5\x9fla muhacir \xc3\xa7ocuklar\xc4\xb1m\xc4\xb1za g\xc3\xbczel dilimiz T\xc3\xbcrk\xc3\xa7eyi \xc3\xb6\xc4\x9fretiyoruz kadroyu hak ediyoruz #Pi\xe2\x80\xa6'
02-05-20,7:26:38,b'RT @alibatak06: Say\xc4\xb1n cumhurba\xc5\x9fkan\xc4\xb1m 4 y\xc4\xb1ld\xc4\xb1r canla ba\xc5\x9fla muhacir \xc3\xa7ocuklar\xc4\xb1m\xc4\xb1za g\xc3\xbczel dilimiz T\xc3\xbcrk\xc3\xa7eyi \xc3\xb6\xc4\x9fretiyoruz kadroyu hak ediyoruz #Pi\xe2\x80\xa6'
02-05-20,7:27:43,b'RT @alibatak06: Say\xc4\xb1n cumhurba\xc5\x9fkan\xc4\xb1m 4 y\xc4\xb1ld\xc4\xb1r canla ba\xc5\x9fla muhacir \xc3\xa7ocuklar\xc4\xb1m\xc4\xb1za g\xc3\xbczel dilimiz T\xc3\xbcrk\xc3\xa7eyi \xc3\xb6\xc4\x9fretiyoruz kadroyu hak ediyoruz #Pi\xe2\x80\xa6'
02-05-20,7:28:28,b'RT @alibatak06: Say\xc4\xb1n cumhurba\xc5\x9fkan\xc4\xb1m 4 y\xc4\xb1ld\xc4\xb1r canla ba\xc5\x9fla muhacir \xc3\xa7ocuklar\xc4\xb1m\xc4\xb1za g\xc3\xbczel dilimiz T\xc3\xbcrk\xc3\xa7eyi \xc3\xb6\xc4\x9fretiyoruz kadroyu hak ediyoruz #Pi\xe2\x80\xa6'
02-05-20,7:28:34,b'RT @alibatak06: Say\xc4\xb1n cumhurba\xc5\x9fkan\xc4\xb1m 4 y\xc4\xb1ld\xc4\xb1r canla ba\xc5\x9fla muhacir \xc3\xa7ocuklar\xc4\xb1m\xc4\xb1za g\xc3\xbczel dilimiz T\xc3\xbcrk\xc3\xa7eyi \xc3\xb6\xc4\x9fretiyoruz kadroyu hak ediyoruz #Pi\xe2\x80\xa6'
02-05-20,7:27:31,b'RT @alibatak06: Say\xc4\xb1n cumhurba\xc5\x9fkan\xc4\xb1m 4 y\xc4\xb1ld\xc4\xb1r canla ba\xc5\x9fla muhacir \xc3\xa7ocuklar\xc4\xb1m\xc4\xb1za g\xc3\xbczel dilimiz T\xc3\xbcrk\xc3\xa7eyi \xc3\xb6\xc4\x9fretiyoruz kadroyu hak ediyoruz #Pi\xe2\x80\xa6'
03-05-20,7:02:00,b'@EBanzaroglu @Dirilss @SGke16 @ayhanmamay @slymnoz Bizzati g\xc3\xb6rd\xc3\xbcn\xc3\xbcz galiba ... \nHangi eylem \xc3\xb6l\xc3\xbcm\xc3\xbc hak ediyor...\n\xc3\x87ok\xe2\x80\xa6 https://t.co/Vfeyl3Im4W'
03-05-20,9:48:00,b'@1071_Dadas @1995ntk Mesele namus degil.Mesele kendi vatandasina gostermedigin ilgi alaka hakki 5 milyon suriyelini\xe2\x80\xa6 https://t.co/iWnm4cCVNI'
04-05-20,7:43:00,"b'\xe2\x80\x9cAnayasal haklar yok say\xc4\xb1ld\xc4\xb1, siyasal muhalefet kriminalize edildi, ya\xc5\x9fam hakk\xc4\xb1n\xc4\xb1n \xc3\xb6z\xc3\xbcn\xc3\xbcn ihlaline zemin haz\xc4\xb1rland\xc4\xb1\xe2\x80\xa6 https://t.co/M60eQDnFST'"
07-05-20,11:54:00,b'@mervexbrn Aynen k\xc4\xb1z\xc4\xb1m sana kat\xc4\xb1l\xc4\xb1yorum bende istanbulda ya\xc5\x9f\xc4\xb1yorum bu millet hak etti.bir suriyeli dediler imansizoglunu se\xc3\xa7tiler'
09-05-20,11:07:00,b'@t24comtr Insan haklari yok.adalet yok.ekonomi batik yolsuzluk.suriye libya da savas destek.ab ye g\xc3\xb6cmen baskisi.me\xe2\x80\xa6 https://t.co/BPYcgldmt8'
09-05-20,11:07:00,b'@t24comtr Insan haklari yok.adalet yok.ekonomi batik yolsuzluk.suriye libya da savas destek.ab ye g\xc3\xb6cmen baskisi.me\xe2\x80\xa6 https://t.co/BPYcgldmt8'
09-05-20,7:53:00,"b'Hocam, Anayasada yer alan temel hak ve h\xc3\xbcrriyetlerin yaln\xc4\xb1zca kendilerine y\xc3\xb6nelik oldu\xc4\x9funu d\xc3\xbc\xc5\x9f\xc3\xbcnd\xc3\xbckleri i\xc3\xa7in c\xc3\xbcreti\xe2\x80\xa6 https://t.co/r4ol3cwPoj'"
09-05-20,11:07:00,b'@t24comtr Insan haklari yok.adalet yok.ekonomi batik yolsuzluk.suriye libya da savas destek.ab ye g\xc3\xb6cmen baskisi.me\xe2\x80\xa6 https://t.co/BPYcgldmt8'
09-05-20,11:07:00,b'@t24comtr Insan haklari yok.adalet yok.ekonomi batik yolsuzluk.suriye libya da savas destek.ab ye g\xc3\xb6cmen baskisi.me\xe2\x80\xa6 https://t.co/BPYcgldmt8'
10-05-20,7:50:00,"b'RT @UmutYld67399243: @KLM_SLG @memurlarnet \xc5\x9euan kim g\xc3\xb6revde de maa\xc5\x9f\xc4\xb1n\xc4\xb1 hak ediyor maa\xc5\x9f alan 3 milyon suriyeli, vergileri silinen binlerce i\xe2\x80\xa6'"
10-05-20,3:46:00,"b'@Kadrolu_Deli @memurlarnet \xc5\x9euan kim g\xc3\xb6revde de maa\xc5\x9f\xc4\xb1n\xc4\xb1 hak ediyor maa\xc5\x9f alan 3 milyon suriyeli, vergileri silinen bi\xe2\x80\xa6 https://t.co/D8pabdQz5q'"
10-05-20,3:46:00,"b'@Hamus007 @memurlarnet \xc5\x9euan kim g\xc3\xb6revde de maa\xc5\x9f\xc4\xb1n\xc4\xb1 hak ediyor maa\xc5\x9f alan 3 milyon suriyeli, vergileri silinen binler\xe2\x80\xa6 https://t.co/YptWJ27uC9'"
10-05-20,3:47:00,"b'@nurgltamer @memurlarnet \xc5\x9euan kim g\xc3\xb6revde de maa\xc5\x9f\xc4\xb1n\xc4\xb1 hak ediyor maa\xc5\x9f alan 3 milyon suriyeli, vergileri silinen binl\xe2\x80\xa6 https://t.co/Nu8J0nNANK'"
10-05-20,3:47:00,"b'@Sebasstian72El @memurlarnet \xc5\x9euan kim g\xc3\xb6revde de maa\xc5\x9f\xc4\xb1n\xc4\xb1 hak ediyor maa\xc5\x9f alan 3 milyon suriyeli, vergileri silinen\xe2\x80\xa6 https://t.co/UkurgeiDR5'"
10-05-20,3:48:00,"b'@KLM_SLG @memurlarnet \xc5\x9euan kim g\xc3\xb6revde de maa\xc5\x9f\xc4\xb1n\xc4\xb1 hak ediyor maa\xc5\x9f alan 3 milyon suriyeli, vergileri silinen binlerc\xe2\x80\xa6 https://t.co/t7HH1exaqq'"
10-05-20,3:48:00,"b'@Keynesyenler1 @memurlarnet @asr12345 \xc5\x9euan kim g\xc3\xb6revde de maa\xc5\x9f\xc4\xb1n\xc4\xb1 hak ediyor maa\xc5\x9f alan 3 milyon suriyeli, vergileri\xe2\x80\xa6 https://t.co/Mv3ksbJzdp'"
10-05-20,3:48:00,"b'@HasanAliDEMRZ1 @memurlarnet \xc5\x9euan kim g\xc3\xb6revde de maa\xc5\x9f\xc4\xb1n\xc4\xb1 hak ediyor maa\xc5\x9f alan 3 milyon suriyeli, vergileri silinen\xe2\x80\xa6 https://t.co/9zZWEXXSjl'"
10-05-20,3:48:00,"b'@muhendishoGFB @memurlarnet \xc5\x9euan kim g\xc3\xb6revde de maa\xc5\x9f\xc4\xb1n\xc4\xb1 hak ediyor maa\xc5\x9f alan 3 milyon suriyeli, vergileri silinen b\xe2\x80\xa6 https://t.co/tjbX7QOxcB'"
11-05-20,8:38:00,"b'@cemacikgozz @erkanakcay45 @benguturktv Piktes \xc3\xb6\xc4\x9fretmenleri kadroya gecmeyi hak ediyor,4 y\xc4\xb1ld\xc4\xb1r emek veriyoruz, Sur\xe2\x80\xa6 https://t.co/0HnPL9vmez'"
12-05-20,9:57:00,"b""RT @Levent66480097: Bizde #EmeklilikteYa\xc5\x9faTa\xc4\xb7\xc4\xb1lanlar olarak zaman\xc4\xb1nda yazd\xc4\xb1k Trump'a 52 milyar dolar\xc4\xb1 Suriyeli'ye harcama, hak etti\xc4\x9finiz em\xe2\x80\xa6"""
12-05-20,7:13:00,"b""RT @Levent66480097: Bizde #EmeklilikteYa\xc5\x9faTa\xc4\xb7\xc4\xb1lanlar olarak zaman\xc4\xb1nda yazd\xc4\xb1k Trump'a 52 milyar dolar\xc4\xb1 Suriyeli'ye harcama, hak etti\xc4\x9finiz em\xe2\x80\xa6"""
12-05-20,4:37:00,"b""RT @Levent66480097: Bizde #EmeklilikteYa\xc5\x9faTa\xc4\xb7\xc4\xb1lanlar olarak zaman\xc4\xb1nda yazd\xc4\xb1k Trump'a 52 milyar dolar\xc4\xb1 Suriyeli'ye harcama, hak etti\xc4\x9finiz em\xe2\x80\xa6"""
12-05-20,4:25:00,"b""RT @Levent66480097: Bizde #EmeklilikteYa\xc5\x9faTa\xc4\xb7\xc4\xb1lanlar olarak zaman\xc4\xb1nda yazd\xc4\xb1k Trump'a 52 milyar dolar\xc4\xb1 Suriyeli'ye harcama, hak etti\xc4\x9finiz em\xe2\x80\xa6"""
12-05-20,9:02:00,"b""Bizde #EmeklilikteYa\xc5\x9faTa\xc4\xb7\xc4\xb1lanlar olarak zaman\xc4\xb1nda yazd\xc4\xb1k Trump'a 52 milyar dolar\xc4\xb1 Suriyeli'ye harcama, hak etti\xc4\x9fini\xe2\x80\xa6 https://t.co/rWzrSb65gD"""
12-05-20,9:02:00,"b""RT @Levent66480097: Bizde #EmeklilikteYa\xc5\x9faTa\xc4\xb7\xc4\xb1lanlar olarak zaman\xc4\xb1nda yazd\xc4\xb1k Trump'a 52 milyar dolar\xc4\xb1 Suriyeli'ye harcama, hak etti\xc4\x9finiz em\xe2\x80\xa6"""
12-05-20,9:03:00,"b""RT @Levent66480097: Bizde #EmeklilikteYa\xc5\x9faTa\xc4\xb7\xc4\xb1lanlar olarak zaman\xc4\xb1nda yazd\xc4\xb1k Trump'a 52 milyar dolar\xc4\xb1 Suriyeli'ye harcama, hak etti\xc4\x9finiz em\xe2\x80\xa6"""
12-05-20,9:45:00,"b""RT @Levent66480097: Bizde #EmeklilikteYa\xc5\x9faTa\xc4\xb7\xc4\xb1lanlar olarak zaman\xc4\xb1nda yazd\xc4\xb1k Trump'a 52 milyar dolar\xc4\xb1 Suriyeli'ye harcama, hak etti\xc4\x9finiz em\xe2\x80\xa6"""
12-05-20,10:03:00,"b""RT @Levent66480097: Bizde #EmeklilikteYa\xc5\x9faTa\xc4\xb7\xc4\xb1lanlar olarak zaman\xc4\xb1nda yazd\xc4\xb1k Trump'a 52 milyar dolar\xc4\xb1 Suriyeli'ye harcama, hak etti\xc4\x9finiz em\xe2\x80\xa6"""
12-05-20,10:04:00,"b""RT @Levent66480097: Bizde #EmeklilikteYa\xc5\x9faTa\xc4\xb7\xc4\xb1lanlar olarak zaman\xc4\xb1nda yazd\xc4\xb1k Trump'a 52 milyar dolar\xc4\xb1 Suriyeli'ye harcama, hak etti\xc4\x9finiz em\xe2\x80\xa6"""
12-05-20,10:16:00,"b""RT @Levent66480097: Bizde #EmeklilikteYa\xc5\x9faTa\xc4\xb7\xc4\xb1lanlar olarak zaman\xc4\xb1nda yazd\xc4\xb1k Trump'a 52 milyar dolar\xc4\xb1 Suriyeli'ye harcama, hak etti\xc4\x9finiz em\xe2\x80\xa6"""
12-05-20,10:42:00,"b""RT @Levent66480097: Bizde #EmeklilikteYa\xc5\x9faTa\xc4\xb7\xc4\xb1lanlar olarak zaman\xc4\xb1nda yazd\xc4\xb1k Trump'a 52 milyar dolar\xc4\xb1 Suriyeli'ye harcama, hak etti\xc4\x9finiz em\xe2\x80\xa6"""
12-05-20,11:17:00,"b""RT @Levent66480097: Bizde #EmeklilikteYa\xc5\x9faTa\xc4\xb7\xc4\xb1lanlar olarak zaman\xc4\xb1nda yazd\xc4\xb1k Trump'a 52 milyar dolar\xc4\xb1 Suriyeli'ye harcama, hak etti\xc4\x9finiz em\xe2\x80\xa6"""
12-05-20,3:33:00,"b""RT @Levent66480097: Bizde #EmeklilikteYa\xc5\x9faTa\xc4\xb7\xc4\xb1lanlar olarak zaman\xc4\xb1nda yazd\xc4\xb1k Trump'a 52 milyar dolar\xc4\xb1 Suriyeli'ye harcama, hak etti\xc4\x9finiz em\xe2\x80\xa6"""
12-05-20,4:16:00,"b""RT @Levent66480097: Bizde #EmeklilikteYa\xc5\x9faTa\xc4\xb7\xc4\xb1lanlar olarak zaman\xc4\xb1nda yazd\xc4\xb1k Trump'a 52 milyar dolar\xc4\xb1 Suriyeli'ye harcama, hak etti\xc4\x9finiz em\xe2\x80\xa6"""
12-05-20,4:28:00,"b""RT @Levent66480097: Bizde #EmeklilikteYa\xc5\x9faTa\xc4\xb7\xc4\xb1lanlar olarak zaman\xc4\xb1nda yazd\xc4\xb1k Trump'a 52 milyar dolar\xc4\xb1 Suriyeli'ye harcama, hak etti\xc4\x9finiz em\xe2\x80\xa6"""
12-05-20,6:53:00,"b""RT @Levent66480097: Bizde #EmeklilikteYa\xc5\x9faTa\xc4\xb7\xc4\xb1lanlar olarak zaman\xc4\xb1nda yazd\xc4\xb1k Trump'a 52 milyar dolar\xc4\xb1 Suriyeli'ye harcama, hak etti\xc4\x9finiz em\xe2\x80\xa6"""
